{
  "project_info": {
    "project_number": "410614767204",
    "project_id": "seismic-912fc",
    "storage_bucket": "seismic-912fc.appspot.com"
  },
  "client": [
    {
      "client_info": {
        "mobilesdk_app_id": "1:410614767204:android:3199536b977b573fadc971",
        "android_client_info": {
          "package_name": "com.example.seismic"
        }
      },
      "oauth_client": [
        {
          "client_id": "410614767204-sqh5saeud7d4b92eu037ta2uualm35aa.apps.googleusercontent.com",
          "client_type": 3
        }
      ],
      "api_key": [
        {
          "current_key": "AIzaSyDxc6MFK9FusqEu5ukqUUZ-6JTodCBnzNE"
        }
      ],
      "services": {
        "appinvite_service": {
          "other_platform_oauth_client": [
            {
              "client_id": "410614767204-sqh5saeud7d4b92eu037ta2uualm35aa.apps.googleusercontent.com",
              "client_type": 3
            }
          ]
        }
      }
    }
  ],
  "configuration_version": "1"
}